,observed_date,region,latitude,longitude,location,carrington_longitude,old_carrington_longitude,area,spot_class,extent,number_spots,mag_class,mag_string,status,c_xray_events,m_xray_events,x_xray_events,proton_events,s_flares,impulse_flares_1,impulse_flares_2,impulse_flares_3,impulse_flares_4,protons,c_flare_probability,m_flare_probability,x_flare_probability,proton_probability,first_date
0,2025-08-28,4193,-27,-72,S27W72,220,219.0,,,,,,,f,0,0,0,,0,0,0,0,0,,0,0,0,0,2025-08-23T19:28:54
1,2025-08-28,4196,-12,12,S12E12,136,136.0,10.0,Hrx,1.0,1.0,A,,f,0,0,0,,0,0,0,0,0,,5,1,1,1,2025-08-24T19:26:11
2,2025-08-28,4198,11,-7,N11W07,155,154.0,10.0,Bxo,4.0,3.0,B,,f,0,0,0,,0,0,0,0,0,,10,1,1,1,2025-08-25T18:43:04
3,2025-08-28,4189,8,-80,N08W80,228,227.0,,,,,,,f,0,0,0,,0,0,0,0,0,,0,0,0,0,2025-08-19T19:04:03
4,2025-08-28,4197,-18,16,S18E16,132,131.0,720.0,Eki,13.0,43.0,BG,,f,2,1,0,,1,0,0,0,0,0.0,75,35,10,1,2025-08-24T19:27:26
5,2025-08-28,4202,-15,35,S15E35,113,113.0,150.0,Hax,3.0,2.0,A,,f,0,0,0,,0,0,0,0,0,,10,1,1,1,2025-08-26T17:27:33
6,2025-08-28,4201,-21,30,S21E30,118,117.0,120.0,Csi,8.0,6.0,B,,f,0,0,0,,0,0,0,0,0,,40,10,1,1,2025-08-26T17:21:11
7,2025-08-28,4204,3,42,N03E42,106,104.0,20.0,Hrx,1.0,1.0,A,,f,0,0,0,,0,0,0,0,0,,10,1,1,1,2025-08-27T19:00:34
8,2025-08-28,4188,-9,-64,S09W64,212,211.0,30.0,Hrx,1.0,1.0,A,,f,0,0,0,,0,0,0,0,0,,10,1,1,1,2025-08-18T16:33:22
9,2025-08-28,4190,19,-56,N19W56,204,203.0,,,,,,,f,0,0,0,,0,0,0,0,0,,0,0,0,0,2025-08-20T18:29:53
10,2025-08-28,4195,-18,0,S18W00,148,147.0,,,,,,,f,1,0,0,,0,1,0,0,0,0.0,0,0,0,0,2025-08-23T19:31:15
11,2025-08-28,4203,12,-89,N12W89,237,236.0,50.0,Dao,5.0,7.0,B,,f,4,1,0,,11,0,0,0,0,0.0,35,10,1,1,2025-08-26T17:32:14
12,2025-08-28,4191,12,-27,N12W27,175,174.0,400.0,Ehi,12.0,11.0,B,,f,0,0,0,,0,0,0,0,0,,50,15,1,1,2025-08-20T18:31:10
13,2025-08-28,4194,3,-44,N03W44,192,190.0,,,,,,,f,0,0,0,,0,0,0,0,0,,0,0,0,0,2025-08-23T19:29:54
14,2025-08-28,4199,4,32,N04E32,116,116.0,200.0,Cao,5.0,5.0,B,,f,0,0,0,,0,0,0,0,0,,10,1,1,1,2025-08-25T18:44:26
15,2025-08-28,4200,-8,-27,S08W27,175,175.0,80.0,Dai,6.0,11.0,B,,f,0,0,0,,0,0,0,0,0,0.0,35,5,1,1,2025-08-26T17:10:54
16,2025-08-27,4189,8,-66,N08W66,227,226.0,,,,,,,f,0,0,0,,0,0,0,0,0,,0,0,0,0,2025-08-19T19:04:03
17,2025-08-27,4199,4,45,N04E45,116,115.0,170.0,Cao,5.0,9.0,B,,f,2,0,0,,2,0,0,0,0,0.0,20,5,1,1,2025-08-25T18:44:26
18,2025-08-27,4187,-18,-99,S18W99,260,259.0,,,,,,,d,0,0,0,,0,0,0,0,0,,0,0,0,0,2025-08-18T16:32:50
19,2025-08-27,4190,19,-42,N19W42,203,202.0,10.0,Axx,1.0,1.0,A,,f,0,0,0,,0,0,0,0,0,,5,1,1,1,2025-08-20T18:29:53
20,2025-08-27,4198,11,7,N11E07,154,154.0,10.0,Bxo,4.0,2.0,B,,f,0,0,0,,2,0,0,0,0,0.0,10,1,1,1,2025-08-25T18:43:04
21,2025-08-27,4203,12,-75,N12W75,236,235.0,60.0,Dao,5.0,7.0,B,,f,0,0,0,,6,0,0,0,0,0.0,25,5,1,1,2025-08-26T17:32:14
22,2025-08-27,4193,-27,-58,S27W58,219,218.0,,,,,,,f,0,0,0,,0,0,0,0,0,,0,0,0,0,2025-08-23T19:28:54
23,2025-08-27,4200,-8,-14,S08W14,175,174.0,40.0,Dai,5.0,11.0,B,,f,0,0,0,,1,0,0,0,0,0.0,50,10,1,1,2025-08-26T17:10:54
24,2025-08-27,4201,-21,44,S21E44,117,120.0,100.0,Dsi,9.0,7.0,B,,f,0,0,0,,0,0,0,0,0,,40,10,1,1,2025-08-26T17:21:11
25,2025-08-27,4188,-9,-50,S09W50,211,211.0,30.0,Hsx,1.0,1.0,A,,f,0,0,0,,0,0,0,0,0,,10,1,1,1,2025-08-18T16:33:22
26,2025-08-27,4194,3,-29,N03W29,190,189.0,10.0,Axx,2.0,2.0,A,,f,0,0,0,,0,0,0,0,0,,0,0,0,0,2025-08-23T19:29:54
27,2025-08-27,4196,-12,25,S12E25,136,137.0,10.0,Hrx,1.0,1.0,A,,f,0,0,0,,0,0,0,0,0,,5,1,1,1,2025-08-24T19:26:11
28,2025-08-27,4197,-17,30,S17E30,131,133.0,720.0,Eki,13.0,29.0,BG,,f,0,0,0,,6,0,0,0,0,0.0,70,25,5,5,2025-08-24T19:27:26
29,2025-08-27,4204,3,57,N03E57,104,,10.0,Hrx,1.0,1.0,A,,f,0,0,0,,1,0,0,0,0,0.0,10,1,1,1,2025-08-27T19:00:34
30,2025-08-27,4191,12,-13,N12W13,174,174.0,400.0,Ehi,12.0,13.0,B,,f,0,0,0,,1,0,0,0,0,0.0,60,10,1,1,2025-08-20T18:31:10
31,2025-08-27,4202,-15,48,S15E48,113,113.0,150.0,Hax,3.0,2.0,A,,f,0,0,0,,0,0,0,0,0,,10,1,1,1,2025-08-26T17:27:33
32,2025-08-27,4195,-18,14,S18E14,147,147.0,10.0,Axx,1.0,1.0,A,,f,0,0,0,,0,0,0,0,0,,5,1,1,1,2025-08-23T19:31:15
33,2025-08-26,4188,-9,-37,S09W37,211,212.0,30.0,Hsx,1.0,1.0,A,,f,0,0,0,,0,0,0,0,0,,10,1,1,1,2025-08-18T16:33:22
34,2025-08-26,4194,3,-15,N03W15,189,187.0,10.0,Axx,1.0,1.0,A,,f,0,0,0,,0,0,0,0,0,,5,1,1,1,2025-08-23T19:29:54
35,2025-08-26,4196,-11,37,S11E37,137,138.0,20.0,Hrx,1.0,1.0,A,,f,0,0,0,,0,0,0,0,0,,5,1,1,1,2025-08-24T19:26:11
36,2025-08-26,4201,-21,54,S21E54,120,,140.0,Hsx,2.0,1.0,A,,f,0,0,0,,0,0,0,0,0,,10,1,1,1,2025-08-26T17:21:11
37,2025-08-26,4191,12,0,N12W00,174,173.0,360.0,Ehi,11.0,12.0,BG,,f,0,0,0,,2,1,0,0,0,0.0,65,20,1,5,2025-08-20T18:31:10
38,2025-08-26,4187,-18,-85,S18W85,259,259.0,,,,,,,f,0,0,0,,0,0,0,0,0,,0,0,0,0,2025-08-18T16:32:50
39,2025-08-26,4189,8,-52,N08W52,226,226.0,,,,,,,f,0,0,0,,0,0,0,0,0,,1,1,1,1,2025-08-19T19:04:03
40,2025-08-26,4190,19,-28,N19W28,202,201.0,10.0,Bxo,3.0,2.0,B,,f,0,0,0,,0,0,0,0,0,,10,0,0,0,2025-08-20T18:29:53
41,2025-08-26,4197,-17,41,S17E41,133,133.0,600.0,Eki,13.0,15.0,BG,,f,4,1,0,,16,2,0,0,0,0.0,75,35,5,5,2025-08-24T19:27:26
42,2025-08-26,4198,10,20,N10E20,154,154.0,10.0,Bxo,3.0,3.0,B,,f,0,0,0,,1,0,0,0,0,0.0,10,1,1,1,2025-08-25T18:43:04
43,2025-08-26,4192,26,-99,N26W99,273,273.0,,,,,,,d,0,0,0,,0,0,0,0,0,,0,0,0,0,2025-08-21T17:59:18
44,2025-08-26,4195,-18,27,S18E27,147,147.0,10.0,Axx,3.0,3.0,A,,f,0,0,0,,0,0,0,0,0,,5,1,1,1,2025-08-23T19:31:15
45,2025-08-26,4200,-9,0,S09W00,174,,20.0,Cro,4.0,7.0,B,,f,0,0,0,,0,0,0,0,0,,10,1,1,1,2025-08-26T17:10:54
46,2025-08-26,4203,10,-61,N10W61,235,,10.0,Bxi,5.0,7.0,B,,f,0,0,0,,0,0,0,0,0,,10,1,1,1,2025-08-26T17:32:14
47,2025-08-26,4193,-27,-44,S27W44,218,218.0,,,,,,,f,0,0,0,,0,0,0,0,0,,0,0,0,0,2025-08-23T19:28:54
48,2025-08-26,4199,4,59,N04E59,115,118.0,200.0,Cao,5.0,7.0,B,,f,2,1,0,,1,0,0,0,0,0.0,20,5,1,1,2025-08-25T18:44:26
49,2025-08-26,4202,-15,61,S15E61,113,,150.0,Hax,3.0,3.0,A,,f,0,1,0,,0,0,0,0,0,0.0,10,1,1,1,2025-08-26T17:27:33
50,2025-08-25,4188,-9,-24,S09W24,212,211.0,50.0,Hsx,1.0,1.0,A,,f,0,0,0,,0,0,0,0,0,,10,1,1,1,2025-08-18T16:33:22
51,2025-08-25,4192,26,-85,N26W85,273,272.0,,,,,,,f,0,0,0,,0,0,0,0,0,,0,0,0,0,2025-08-21T17:59:18
52,2025-08-25,4187,-18,-71,S18W71,259,258.0,,,,,,,f,0,0,0,,0,0,0,0,0,,0,0,0,0,2025-08-18T16:32:50
53,2025-08-25,4194,2,-1,N02W01,187,188.0,30.0,Cro,5.0,5.0,B,,f,0,0,0,,0,0,0,0,0,,15,1,1,1,2025-08-23T19:29:54
54,2025-08-25,4197,-17,55,S17E55,133,135.0,180.0,Eai,12.0,13.0,BD,,f,2,1,0,,9,1,0,0,0,0.0,70,20,5,1,2025-08-24T19:27:26
55,2025-08-25,4182,10,-97,N10W97,284,284.0,,,,,,,d,0,0,0,,0,0,0,0,0,,0,0,0,0,2025-08-13T16:56:00
56,2025-08-25,4193,-27,-30,S27W30,218,217.0,,,,,,,f,0,0,0,,0,0,0,0,0,,0,0,0,0,2025-08-23T19:28:54
57,2025-08-25,4198,10,34,N10E34,154,,20.0,Cro,3.0,5.0,B,,f,0,0,0,,0,0,0,0,0,,15,1,1,1,2025-08-25T18:43:04
58,2025-08-25,4190,18,-13,N18W13,201,200.0,,,,,,,f,0,0,0,,0,0,0,0,0,,0,0,0,0,2025-08-20T18:29:53
59,2025-08-25,4191,11,15,N11E15,173,172.0,380.0,Dhi,10.0,15.0,BG,,f,0,0,0,,1,0,0,0,0,0.0,75,25,5,5,2025-08-20T18:31:10
60,2025-08-25,4196,-12,50,S12E50,138,137.0,20.0,Hrx,1.0,1.0,A,,f,0,0,0,,0,0,0,0,0,,5,1,1,1,2025-08-24T19:26:11
61,2025-08-25,4199,5,70,N05E70,118,,110.0,Dai,5.0,4.0,B,,f,8,3,0,,0,0,0,0,0,0.0,60,20,5,1,2025-08-25T18:44:26
62,2025-08-25,4189,8,-38,N08W38,226,225.0,10.0,Axx,1.0,1.0,A,,f,0,0,0,,0,0,0,0,0,,5,1,1,1,2025-08-19T19:04:03
63,2025-08-25,4195,-18,41,S18E41,147,147.0,20.0,Hrx,1.0,1.0,A,,f,0,0,0,,0,0,0,0,0,,5,1,1,1,2025-08-23T19:31:15
64,2025-08-24,4188,-9,-10,S09W10,211,210.0,50.0,Hsx,1.0,1.0,A,,f,0,0,0,,0,0,0,0,0,,10,1,1,1,2025-08-18T16:33:22
65,2025-08-24,4190,18,1,N18E01,200,199.0,,,,,,,f,0,0,0,,0,0,0,0,0,,0,0,0,0,2025-08-20T18:29:53
66,2025-08-24,4195,-17,54,S17E54,147,146.0,20.0,Hax,1.0,1.0,A,,f,0,0,0,,0,0,0,0,0,,10,1,1,1,2025-08-23T19:31:15
67,2025-08-24,4193,-27,-16,S27W16,217,216.0,10.0,Axx,1.0,1.0,A,,f,0,0,0,,0,0,0,0,0,,5,1,1,1,2025-08-23T19:28:54
68,2025-08-24,4196,-11,64,S11E64,137,,10.0,Axx,1.0,1.0,A,,f,0,0,0,,0,0,0,0,0,,5,0,0,0,2025-08-24T19:26:11
69,2025-08-24,4189,8,-24,N08W24,225,223.0,10.0,Hsx,1.0,1.0,A,,f,0,0,0,,0,0,0,0,0,,10,1,1,1,2025-08-19T19:04:03
70,2025-08-24,4194,2,13,N02E13,188,187.0,30.0,Cao,4.0,3.0,B,,f,0,0,0,,1,0,0,0,0,0.0,20,1,1,1,2025-08-23T19:29:54
71,2025-08-24,4197,-17,66,S17E66,135,,60.0,Dao,7.0,2.0,B,,f,0,0,0,,0,0,0,0,0,0.0,25,5,0,0,2025-08-24T19:27:26
72,2025-08-24,4191,11,29,N11E29,172,171.0,360.0,Ehi,11.0,12.0,BG,,f,1,0,0,,0,0,0,0,0,0.0,75,25,5,1,2025-08-20T18:31:10
73,2025-08-24,4192,26,-71,N26W71,272,271.0,,,,,,,f,0,0,0,,0,0,0,0,0,,0,0,0,0,2025-08-21T17:59:18
74,2025-08-24,4182,10,-83,N10W83,284,283.0,,,,,,,f,0,0,0,,0,0,0,0,0,,0,0,0,0,2025-08-13T16:56:00
75,2025-08-24,4187,-18,-58,S18W58,258,261.0,,,,,,,f,1,0,0,,0,0,0,0,0,0.0,0,0,0,0,2025-08-18T16:32:50
76,2025-08-23,4195,-18,68,S18E68,146,,30.0,Hrx,1.0,1.0,A,,f,0,0,0,,0,0,0,0,0,,25,0,0,0,2025-08-23T19:31:15
77,2025-08-23,4180,-2,-98,S02W98,312,310.0,,,,,,,d,0,0,0,,0,0,0,0,0,,0,0,0,0,2025-08-12T09:15:58
78,2025-08-23,4194,3,27,N03E27,187,,10.0,Bxo,4.0,3.0,B,,f,0,0,0,,0,0,0,0,0,,10,0,0,0,2025-08-23T19:29:54
79,2025-08-23,4193,-27,-2,S27W02,216,,10.0,Bxo,3.0,3.0,B,,f,0,0,0,,0,0,0,0,0,,10,0,0,0,2025-08-23T19:28:54
80,2025-08-23,4182,10,-69,N10W69,283,282.0,,,,,,,f,0,0,0,,0,0,0,0,0,,0,0,0,0,2025-08-13T16:56:00
81,2025-08-23,4187,-20,-47,S20W47,261,260.0,10.0,Hrx,1.0,1.0,A,,f,0,0,0,,0,0,0,0,0,,5,1,1,1,2025-08-18T16:32:50
82,2025-08-23,4190,18,15,N18E15,199,198.0,,,,,,,f,0,0,0,,0,0,0,0,0,,0,0,0,0,2025-08-20T18:29:53
83,2025-08-23,4192,26,-57,N26W57,271,270.0,,,,,,,f,0,0,0,,0,0,0,0,0,,0,0,0,0,2025-08-21T17:59:18
84,2025-08-23,4188,-9,4,S09E04,210,209.0,50.0,Hsx,2.0,1.0,A,,f,0,0,0,,0,0,0,0,0,,10,1,1,1,2025-08-18T16:33:22
85,2025-08-23,4189,8,-9,N08W09,223,223.0,30.0,Cso,4.0,3.0,B,,f,0,0,0,,0,0,0,0,0,,20,1,1,1,2025-08-19T19:04:03
86,2025-08-23,4191,11,43,N11E43,171,172.0,260.0,Eho,12.0,5.0,B,,f,4,0,0,,6,0,0,0,0,0.0,75,25,1,1,2025-08-20T18:31:10
87,2025-08-22,4188,-9,18,S09E18,209,210.0,40.0,Hsx,3.0,1.0,A,,f,0,0,0,,0,0,0,0,0,,5,1,1,1,2025-08-18T16:33:22
88,2025-08-22,4187,-19,-33,S19W33,260,261.0,10.0,Hrx,1.0,1.0,A,,f,0,0,0,,0,0,0,0,0,,5,1,1,1,2025-08-18T16:32:50
89,2025-08-22,4189,7,4,N07E04,223,222.0,30.0,Cso,4.0,4.0,B,,f,0,0,0,,0,0,0,0,0,,15,1,1,1,2025-08-19T19:04:03
90,2025-08-22,4179,-12,-95,S12W95,322,321.0,,,,,,,d,0,0,0,,0,0,0,0,0,,0,0,0,0,2025-08-11T09:55:06
91,2025-08-22,4182,10,-55,N10W55,282,281.0,,,,,,,f,0,0,0,,0,0,0,0,0,,0,0,0,0,2025-08-13T16:56:00
92,2025-08-22,4190,18,29,N18E29,198,198.0,,,,,,,f,0,0,0,,0,0,0,0,0,,1,1,1,1,2025-08-20T18:29:53
93,2025-08-22,4192,26,-43,N26W43,270,268.0,,,,,,,f,0,0,0,,0,0,0,0,0,,10,1,1,1,2025-08-21T17:59:18
94,2025-08-22,4180,-2,-83,S02W83,310,308.0,,,,,,,f,0,0,0,,0,0,0,0,0,,0,0,0,0,2025-08-12T09:15:58
95,2025-08-22,4191,11,55,N11E55,172,173.0,300.0,Cho,10.0,5.0,B,,f,1,0,0,,1,0,0,0,0,0.0,25,5,1,1,2025-08-20T18:31:10
96,2025-08-21,4180,-2,-68,S02W68,308,307.0,,,,,,,f,0,0,0,,0,0,0,0,0,,0,0,0,0,2025-08-12T09:15:58
97,2025-08-21,4188,-9,30,S09E30,210,210.0,40.0,Hsx,2.0,1.0,A,,f,1,0,0,,0,0,0,0,0,0.0,10,1,1,1,2025-08-18T16:33:22
98,2025-08-21,4179,-12,-81,S12W81,321,320.0,,,,,,,f,0,0,0,,0,0,0,0,0,,0,0,0,0,2025-08-11T09:55:06
99,2025-08-21,4187,-19,-21,S19W21,261,261.0,40.0,Cao,4.0,5.0,B,,f,0,0,0,,0,0,0,0,0,,20,5,1,1,2025-08-18T16:32:50
100,2025-08-21,4189,6,18,N06E18,222,221.0,30.0,Cro,4.0,6.0,B,,f,0,0,0,,0,0,0,0,0,,15,1,1,1,2025-08-19T19:04:03
101,2025-08-21,4192,28,-28,N28W28,268,,10.0,Bxo,3.0,2.0,B,,f,0,0,0,,0,0,0,0,0,,10,1,1,1,2025-08-21T17:59:18
102,2025-08-21,4182,10,-41,N10W41,281,280.0,,,,,,,f,0,0,0,,0,0,0,0,0,,0,0,0,0,2025-08-13T16:56:00
103,2025-08-21,4190,18,42,N18E42,198,197.0,10.0,Axx,1.0,1.0,A,,f,0,0,0,,0,0,0,0,0,,5,1,1,1,2025-08-20T18:29:53
104,2025-08-21,4191,10,66,N10E66,173,174.0,220.0,Hsx,4.0,1.0,A,,f,3,0,0,,0,0,0,0,0,0.0,10,1,1,1,2025-08-20T18:31:10
105,2025-08-20,4180,-2,-54,S02W54,307,306.0,,,,,,,f,0,0,0,,0,0,0,0,0,,0,0,0,0,2025-08-12T09:15:58
106,2025-08-20,4182,10,-27,N10W27,280,279.0,,,,,,,f,0,0,0,,0,0,0,0,0,,0,0,0,0,2025-08-13T16:56:00
107,2025-08-20,4189,8,32,N08E32,221,220.0,10.0,Bxo,3.0,2.0,B,,f,0,0,0,,0,0,0,0,0,,10,0,0,0,2025-08-19T19:04:03
108,2025-08-20,4191,10,79,N10E79,174,,80.0,Hsx,10.0,1.0,A,,f,1,0,0,,0,0,0,0,0,0.0,10,1,0,0,2025-08-20T18:31:10
109,2025-08-20,4187,-18,-8,S18W08,261,262.0,40.0,Dao,4.0,4.0,B,,f,0,0,0,,0,0,0,0,0,,25,5,1,1,2025-08-18T16:32:50
110,2025-08-20,4175,12,-104,N12W0*,357,357.0,,,,,,,d,0,0,0,,0,0,0,0,0,,0,0,0,0,2025-08-08T08:40:58
111,2025-08-20,4177,5,-103,N05W0*,356,355.0,,,,,,,d,0,0,0,,0,0,0,0,0,,0,0,0,0,2025-08-08T08:42:45
112,2025-08-20,4179,-12,-67,S12W67,320,319.0,,,,,,,f,0,0,0,,0,0,0,0,0,,0,0,0,0,2025-08-11T09:55:06
113,2025-08-20,4188,-9,43,S09E43,210,209.0,40.0,Hsx,2.0,1.0,A,,f,0,0,0,,0,0,0,0,0,,10,1,0,0,2025-08-18T16:33:22
114,2025-08-20,4190,18,56,N18E56,197,,10.0,Axx,1.0,1.0,A,,f,0,0,0,,0,0,0,0,0,,5,0,0,0,2025-08-20T18:29:53
115,2025-08-19,4171,18,-105,N18W0*,12,11.0,10.0,Hrx,1.0,1.0,A,,d,0,0,0,,0,0,0,0,0,,0,0,0,0,2025-08-06T07:32:07
116,2025-08-19,4187,-17,5,S17E05,262,261.0,40.0,Dao,4.0,4.0,B,,f,0,0,0,,0,0,0,0,0,,25,5,1,1,2025-08-18T16:32:50
117,2025-08-19,4177,5,-88,N05W88,355,354.0,,,,,,,f,0,0,0,,0,0,0,0,0,,0,0,0,0,2025-08-08T08:42:45
118,2025-08-19,4179,-12,-52,S12W52,319,318.0,,,,,,,f,0,0,0,,0,0,0,0,0,,0,0,0,0,2025-08-11T09:55:06
119,2025-08-19,4180,-2,-39,S02W39,306,305.0,,,,,,,f,1,0,0,,0,0,0,0,0,0.0,1,0,0,0,2025-08-12T09:15:58
120,2025-08-19,4182,9,-12,N09W12,279,278.0,,,,,,,f,0,0,0,,0,0,0,0,0,,1,0,0,0,2025-08-13T16:56:00
121,2025-08-19,4175,12,-90,N12W90,357,356.0,,,,,,,f,0,0,0,,0,0,0,0,0,,0,0,0,0,2025-08-08T08:40:58
122,2025-08-19,4188,-9,57,S09E57,209,208.0,40.0,Hsx,1.0,1.0,A,,f,0,0,0,,0,0,0,0,0,,10,1,1,1,2025-08-18T16:33:22
123,2025-08-19,4186,6,-106,N06W0*,13,11.0,40.0,Dso,4.0,2.0,B,,d,0,0,0,,0,0,0,0,0,,0,0,0,0,2025-08-15T18:23:35
124,2025-08-19,4189,7,47,N07E47,220,,10.0,Axx,1.0,1.0,A,,f,0,0,0,,0,0,0,0,0,,5,1,1,1,2025-08-19T19:04:03
125,2025-08-18,4180,-2,-25,S02W25,305,304.0,10.0,Bxo,9.0,6.0,B,,f,0,0,0,,0,0,0,0,0,,10,1,0,0,2025-08-12T09:15:58
126,2025-08-18,4188,-9,72,S09E72,208,,40.0,Hax,3.0,1.0,A,,f,1,0,0,,0,0,0,0,0,0.0,10,1,0,0,2025-08-18T16:33:22
127,2025-08-18,4171,18,-91,N18W91,11,10.0,10.0,Hrx,1.0,1.0,A,,f,0,0,0,,0,0,0,0,0,,5,0,0,0,2025-08-06T07:32:07
128,2025-08-18,4176,25,-95,N25W95,15,14.0,,,,,,,d,0,0,0,,0,0,0,0,0,,0,0,0,0,2025-08-08T08:42:02
129,2025-08-18,4179,-12,-38,S12W38,318,317.0,,,,,,,f,0,0,0,,0,0,0,0,0,,0,0,0,0,2025-08-11T09:55:06
130,2025-08-18,4182,8,2,N08E02,278,277.0,10.0,Axx,1.0,1.0,A,,f,0,0,0,,0,0,0,0,0,,5,0,0,0,2025-08-13T16:56:00
131,2025-08-18,4187,-18,19,S18E19,261,,10.0,Cro,3.0,2.0,B,,f,0,0,0,,0,0,0,0,0,,15,1,0,0,2025-08-18T16:32:50
132,2025-08-18,4181,-11,-96,S11W96,16,15.0,,,,,,,d,0,0,0,,0,0,0,0,0,,0,0,0,0,2025-08-13T09:32:34
133,2025-08-18,4177,5,-74,N05W74,354,353.0,,,,,,,f,0,0,0,,0,0,0,0,0,,0,0,0,0,2025-08-08T08:42:45
134,2025-08-18,4184,-19,-92,S19W92,12,11.0,,,,,,,d,0,0,0,,0,0,0,0,0,,0,0,0,0,2025-08-14T08:45:01
135,2025-08-18,4175,12,-76,N12W76,356,355.0,,,,,,,f,0,0,0,,0,0,0,0,0,,0,0,0,0,2025-08-08T08:40:58
136,2025-08-18,4185,17,-91,N17W91,11,10.0,,,,,,,d,0,0,0,,0,0,0,0,0,,0,0,0,0,2025-08-14T14:33:51
137,2025-08-18,4186,6,-91,N06W91,11,10.0,40.0,Dso,4.0,2.0,B,,f,0,0,0,,0,0,0,0,0,,25,5,0,0,2025-08-15T18:23:35
138,2025-08-17,4177,5,-60,N05W60,353,352.0,,,,,,,f,0,0,0,,0,0,0,0,0,,0,0,0,0,2025-08-08T08:42:45
139,2025-08-17,4183,-2,-104,S02W0*,37,35.0,,,,,,,d,0,0,0,,0,0,0,0,0,,0,0,0,0,2025-08-14T08:40:54
140,2025-08-17,4185,17,-77,N17W77,10,9.0,,,,,,,f,0,0,0,,0,0,0,0,0,,1,0,0,0,2025-08-14T14:33:51
141,2025-08-17,4171,19,-78,N19W78,10,12.0,10.0,Hrx,1.0,1.0,A,,f,0,0,0,,0,0,0,0,0,,10,0,0,0,2025-08-06T07:32:07
142,2025-08-17,4184,-19,-78,S19W78,11,10.0,,,,,,,f,0,0,0,,0,0,0,0,0,,0,0,0,0,2025-08-14T08:45:01
143,2025-08-17,4186,7,-77,N07W77,10,8.0,40.0,Dso,4.0,2.0,B,,f,0,0,0,,0,0,0,0,0,,25,5,0,0,2025-08-15T18:23:35
144,2025-08-17,4176,25,-81,N25W81,14,13.0,,,,,,,f,0,0,0,,0,0,0,0,0,,0,0,0,0,2025-08-08T08:42:02
145,2025-08-17,4179,-12,-24,S12W24,317,319.0,,,,,,,f,0,0,0,,0,0,0,0,0,,1,0,0,0,2025-08-11T09:55:06
146,2025-08-17,4172,8,-100,N08W0*,33,32.0,180.0,Dai,3.0,3.0,B,,d,7,0,0,,0,0,0,0,0,0.0,0,0,0,0,2025-08-06T07:32:47
147,2025-08-17,4181,-11,-82,S11W82,15,14.0,,,,,,,f,0,0,0,,0,0,0,0,0,,0,0,0,0,2025-08-13T09:32:34
148,2025-08-17,4182,8,16,N08E16,277,276.0,10.0,Hsx,1.0,1.0,A,,f,0,0,0,,0,0,0,0,0,,10,1,0,0,2025-08-13T16:56:00
149,2025-08-17,4169,22,-98,N22W98,31,30.0,30.0,Hsx,1.0,1.0,A,,d,0,0,0,,0,0,0,0,0,,0,0,0,0,2025-08-04T10:15:44
150,2025-08-17,4175,12,-62,N12W62,355,354.0,,,,,,,f,0,0,0,,0,0,0,0,0,,1,0,0,0,2025-08-08T08:40:58
151,2025-08-17,4180,-3,-11,S03W11,304,304.0,40.0,Cai,4.0,9.0,B,,f,2,0,0,,2,0,0,0,0,0.0,50,10,0,0,2025-08-12T09:15:58
152,2025-08-16,4175,12,-48,N12W48,354,353.0,10.0,Axx,1.0,1.0,A,,f,0,0,0,,0,0,0,0,0,,5,0,0,0,2025-08-08T08:40:58
153,2025-08-16,4177,5,-46,N05W46,352,352.0,10.0,Axx,1.0,1.0,A,,f,0,0,0,,0,0,0,0,0,,5,0,0,0,2025-08-08T08:42:45
154,2025-08-16,4183,-2,-89,S02W89,35,33.0,,,,,,,f,0,0,0,,0,0,0,0,0,,0,0,0,0,2025-08-14T08:40:54
155,2025-08-16,4184,-19,-64,S19W64,10,9.0,,,,,,,f,0,0,0,,0,0,0,0,0,,1,0,0,0,2025-08-14T08:45:01
156,2025-08-16,4169,22,-84,N22W84,30,31.0,30.0,Hsx,1.0,1.0,A,,f,0,0,0,,0,0,0,0,0,,10,0,0,0,2025-08-04T10:15:44
157,2025-08-16,4172,8,-86,N08W86,32,32.0,180.0,Dai,3.0,3.0,B,,f,2,0,0,,0,0,0,0,0,0.0,60,10,0,0,2025-08-06T07:32:47
158,2025-08-16,4180,-3,2,S03E02,304,303.0,20.0,Cro,9.0,7.0,B,,f,1,0,0,,0,0,0,0,0,0.0,15,0,0,0,2025-08-12T09:15:58
159,2025-08-16,4179,-10,-13,S10W13,319,318.0,20.0,Cro,6.0,8.0,B,,f,0,0,0,,0,0,0,0,0,,15,0,0,0,2025-08-11T09:55:06
160,2025-08-16,4181,-11,-68,S11W68,14,13.0,,,,,,,f,0,0,0,,0,0,0,0,0,,0,0,0,0,2025-08-13T09:32:34
161,2025-08-16,4171,19,-66,N19W66,12,11.0,30.0,Hsx,1.0,1.0,A,,f,0,0,0,,0,0,0,0,0,,10,0,0,0,2025-08-06T07:32:07
162,2025-08-16,4176,25,-67,N25W67,13,12.0,,,,,,,,0,0,0,,0,0,0,0,0,,0,0,0,0,2025-08-08T08:42:02
163,2025-08-16,4186,8,-62,N08W62,8,6.0,60.0,Dso,4.0,6.0,B,,f,0,0,0,,0,0,0,0,0,,25,5,0,0,2025-08-15T18:23:35
164,2025-08-16,4182,8,30,N08E30,276,277.0,30.0,Dao,3.0,5.0,B,,f,0,0,0,,0,0,0,0,0,,25,5,0,0,2025-08-13T16:56:00
165,2025-08-16,4185,17,-63,N17W63,9,8.0,,,,,,,f,0,0,0,,0,0,0,0,0,,1,0,0,0,2025-08-14T14:33:51
166,2025-08-15,4169,22,-72,N22W72,31,32.0,40.0,Hsx,1.0,1.0,A,,f,0,0,0,,0,0,0,0,0,,10,1,1,1,2025-08-04T10:15:44
167,2025-08-15,4172,9,-73,N09W73,32,32.0,160.0,Dao,5.0,9.0,BG,,f,9,0,0,,4,0,0,0,0,0.0,55,15,0,0,2025-08-06T07:32:47
168,2025-08-15,4180,-2,16,S02E16,303,302.0,40.0,Dao,8.0,7.0,B,,f,1,0,0,,0,0,0,0,0,0.0,25,5,1,1,2025-08-12T09:15:58
169,2025-08-15,4175,13,-34,N13W34,353,354.0,10.0,Hsx,1.0,1.0,A,,f,0,0,0,,0,0,0,0,0,,10,1,1,1,2025-08-08T08:40:58
170,2025-08-15,4176,25,-53,N25W53,12,12.0,,,,,,,,0,0,0,,0,0,0,0,0,,0,0,0,0,2025-08-08T08:42:02
171,2025-08-15,4184,-19,-50,S19W50,9,8.0,20.0,Cso,4.0,2.0,B,,f,0,0,0,,0,0,0,0,0,,10,1,1,1,2025-08-14T08:45:01
172,2025-08-15,4186,7,-47,N07W47,6,,40.0,Cso,3.0,3.0,B,,f,0,0,0,,0,0,0,0,0,,10,1,1,1,2025-08-15T18:23:35
173,2025-08-15,4178,9,-104,N09W0*,63,63.0,110.0,Dso,10.0,2.0,B,,d,1,0,0,,0,0,0,0,0,0.0,0,0,0,0,2025-08-09T10:13:01
174,2025-08-15,4181,-11,-54,S11W54,13,14.0,10.0,Axx,1.0,1.0,A,,f,0,0,0,,0,0,0,0,0,,5,1,1,1,2025-08-13T09:32:34
175,2025-08-15,4183,-2,-74,S02W74,33,32.0,10.0,Bxo,4.0,3.0,B,,f,0,0,0,,0,0,0,0,0,,10,1,1,1,2025-08-14T08:40:54
176,2025-08-15,4171,19,-52,N19W52,11,12.0,30.0,Hsx,1.0,1.0,A,,f,0,0,0,,0,0,0,0,0,,10,1,1,1,2025-08-06T07:32:07
177,2025-08-15,4182,9,42,N09E42,277,275.0,20.0,Hsx,1.0,1.0,A,,f,0,0,0,,0,0,0,0,0,,10,1,1,1,2025-08-13T16:56:00
178,2025-08-15,4185,17,-49,N17W49,8,8.0,10.0,Bxo,3.0,4.0,B,,f,0,0,0,,0,0,0,0,0,,15,1,1,1,2025-08-14T14:33:51
179,2025-08-15,4177,5,-33,N05W33,352,352.0,20.0,Hsx,1.0,1.0,A,,f,0,0,0,,0,0,0,0,0,,5,1,1,1,2025-08-08T08:42:45
180,2025-08-15,4179,-10,1,S10E01,318,321.0,30.0,Cso,6.0,4.0,B,,f,1,0,0,,0,0,0,0,0,0.0,15,1,1,1,2025-08-11T09:55:06
181,2025-08-14,4183,-2,-59,S02W59,32,,10.0,Bxo,4.0,3.0,B,,f,0,0,0,,0,0,0,0,0,,10,1,1,1,2025-08-14T08:40:54
182,2025-08-14,4169,23,-59,N23W59,32,34.0,30.0,Hsx,1.0,1.0,A,,f,0,0,0,,0,0,0,0,0,,10,1,1,1,2025-08-04T10:15:44
183,2025-08-14,4171,19,-39,N19W39,12,13.0,70.0,Hsx,1.0,1.0,A,,f,0,0,0,,0,0,0,0,0,,10,1,1,1,2025-08-06T07:32:07
184,2025-08-14,4176,25,-39,N25W39,12,11.0,,,,,,,f,0,0,0,,0,0,0,0,0,,0,0,0,0,2025-08-08T08:42:02
185,2025-08-14,4177,5,-19,N05W19,352,353.0,10.0,Hrx,1.0,1.0,A,,f,0,0,0,,0,0,0,0,0,,5,1,1,1,2025-08-08T08:42:45
186,2025-08-14,4175,11,-21,N11W21,354,354.0,30.0,Cro,3.0,5.0,B,,f,0,0,0,,0,0,0,0,0,,15,1,1,1,2025-08-08T08:40:58
187,2025-08-14,4178,9,-90,N09W90,63,62.0,110.0,Dso,10.0,2.0,B,,f,4,0,0,,0,0,0,0,0,0.0,50,10,1,1,2025-08-09T10:13:01
188,2025-08-14,4180,-3,31,S03E31,302,301.0,50.0,Dao,8.0,8.0,B,,f,0,0,0,,0,0,0,0,0,,25,5,1,1,2025-08-12T09:15:58
189,2025-08-14,4181,-13,-41,S13W41,14,10.0,10.0,Hrx,1.0,1.0,A,,f,0,0,0,,0,0,0,0,0,,5,1,1,1,2025-08-13T09:32:34
190,2025-08-14,4172,9,-59,N09W59,32,31.0,110.0,Dai,8.0,10.0,BG,,f,3,0,0,,7,0,0,0,0,0.0,55,15,1,1,2025-08-06T07:32:47
191,2025-08-14,4179,-10,12,S10E12,321,322.0,10.0,Hrx,1.0,1.0,A,,f,0,0,0,,0,0,0,0,0,,5,1,1,1,2025-08-11T09:55:06
192,2025-08-14,4182,8,58,N08E58,275,274.0,20.0,Hrx,1.0,1.0,A,,f,0,0,0,,0,0,0,0,0,,5,1,1,1,2025-08-13T16:56:00
193,2025-08-14,4184,-19,-35,S19W35,8,,10.0,Bxo,3.0,2.0,B,,f,0,0,0,,0,0,0,0,0,,10,1,1,1,2025-08-14T08:45:01
194,2025-08-14,4185,17,-35,N17W35,8,,10.0,Bxo,3.0,4.0,B,,f,0,0,0,,0,0,0,0,0,,10,1,1,1,2025-08-14T14:33:51
195,2025-08-13,4179,-10,24,S10E24,322,321.0,30.0,Hax,2.0,1.0,A,,f,0,0,0,,0,0,0,0,0,,10,1,1,1,2025-08-11T09:55:06
196,2025-08-13,4178,9,-76,N09W76,62,62.0,180.0,Dsi,9.0,10.0,BG,,f,3,0,0,,5,0,0,0,0,0.0,50,10,1,1,2025-08-09T10:13:01
197,2025-08-13,4180,-2,45,S02E45,301,298.0,40.0,Dai,8.0,7.0,B,,f,1,0,0,,0,0,0,0,0,0.0,50,10,1,1,2025-08-12T09:15:58
198,2025-08-13,4169,23,-48,N23W48,34,34.0,50.0,Hsx,2.0,2.0,A,,f,0,0,0,,0,0,0,0,0,,10,1,1,1,2025-08-04T10:15:44
199,2025-08-13,4171,18,-27,N18W27,13,14.0,50.0,Cso,3.0,2.0,B,,f,0,0,0,,0,0,0,0,0,,10,1,1,1,2025-08-06T07:32:07
200,2025-08-13,4174,-8,-102,S08W0*,88,87.0,70.0,Dao,10.0,3.0,B,,d,0,0,0,,0,0,0,0,0,,0,0,0,0,2025-08-07T09:31:50
201,2025-08-13,4172,11,-45,N11W45,31,31.0,150.0,Eai,14.0,20.0,BG,,f,5,0,0,,3,0,0,0,0,0.0,65,25,5,5,2025-08-06T07:32:47
202,2025-08-13,4175,12,-8,N12W08,354,353.0,50.0,Cao,5.0,7.0,B,,f,0,0,0,,0,0,0,0,0,,20,5,1,1,2025-08-08T08:40:58
203,2025-08-13,4177,5,-7,N05W07,353,352.0,30.0,Cao,3.0,4.0,B,,f,0,0,0,,0,0,0,0,0,,20,5,1,1,2025-08-08T08:42:45
204,2025-08-13,4176,25,-25,N25W25,11,10.0,,,,,,,f,0,0,0,,0,0,0,0,0,,0,0,0,0,2025-08-08T08:42:02
205,2025-08-13,4181,-12,-24,S12W24,10,,20.0,Cro,5.0,3.0,B,,f,0,0,0,,0,0,0,0,0,,15,1,1,1,2025-08-13T09:32:34
206,2025-08-13,4182,8,71,N08E71,274,,30.0,Hax,1.0,1.0,A,,f,0,0,0,,0,0,0,0,0,,10,1,1,1,2025-08-13T16:56:00
207,2025-08-12,4165,11,-106,N11W0*,105,104.0,120.0,Hsx,2.0,1.0,A,,d,0,0,0,,0,0,0,0,0,,0,0,0,0,2025-07-30T09:59:51
208,2025-08-12,4168,5,-109,N05W0*,108,106.0,70.0,Dao,2.0,3.0,B,,d,0,0,0,,0,0,0,0,0,,0,0,0,0,2025-08-02T19:27:21
209,2025-08-12,4172,8,-32,N08W32,31,30.0,170.0,Eac,15.0,27.0,BG,,f,3,0,0,,3,0,0,0,0,0.0,70,20,5,5,2025-08-06T07:32:47
210,2025-08-12,4174,-8,-88,S08W88,87,86.0,70.0,Dao,10.0,3.0,B,,f,0,0,0,,0,0,0,0,0,,25,5,1,1,2025-08-07T09:31:50
211,2025-08-12,4176,25,-11,N25W11,10,9.0,,,,,,,f,0,0,0,,0,0,0,0,0,,0,0,0,0,2025-08-08T08:42:02
212,2025-08-12,4169,21,-35,N21W35,34,33.0,40.0,Hax,2.0,3.0,A,,f,0,0,0,,0,0,0,0,0,,10,1,1,1,2025-08-04T10:15:44
213,2025-08-12,4175,11,6,N11E06,353,352.0,50.0,Cao,3.0,6.0,B,,f,0,0,0,,0,0,0,0,0,,20,5,1,1,2025-08-08T08:40:58
214,2025-08-12,4177,5,7,N05E07,352,351.0,20.0,Hax,2.0,2.0,A,,f,0,0,0,,0,0,0,0,0,,10,1,1,1,2025-08-08T08:42:45
215,2025-08-12,4180,-4,61,S04E61,298,,50.0,Dao,7.0,8.0,B,,f,0,0,0,,0,0,0,0,0,,30,5,1,1,2025-08-12T09:15:58
216,2025-08-12,4171,18,-15,N18W15,14,13.0,50.0,Cso,4.0,2.0,B,,f,0,0,0,,0,0,0,0,0,,15,1,1,1,2025-08-06T07:32:07
217,2025-08-12,4178,9,-63,N09W63,62,61.0,200.0,Dai,9.0,9.0,BG,,f,1,0,0,,1,0,0,0,0,0.0,50,10,1,1,2025-08-09T10:13:01
218,2025-08-12,4179,-11,38,S11E38,321,320.0,30.0,Hax,1.0,2.0,A,,f,0,0,0,,0,0,0,0,0,,10,1,1,1,2025-08-11T09:55:06
219,2025-08-11,4173,-18,-98,S18W98,110,110.0,20.0,Dro,5.0,3.0,B,,d,2,1,0,,0,0,0,0,0,0.0,0,0,0,0,2025-08-06T14:58:31
220,2025-08-11,4177,4,21,N04E21,351,350.0,20.0,Hsx,1.0,1.0,A,,f,0,0,0,,0,0,0,0,0,,10,1,1,1,2025-08-08T08:42:45
221,2025-08-11,4165,11,-92,N11W92,104,102.0,120.0,Hsx,2.0,1.0,A,,f,0,0,0,,0,0,0,0,0,,10,1,1,1,2025-07-30T09:59:51
222,2025-08-11,4176,25,3,N25E03,9,9.0,10.0,Axx,1.0,1.0,A,,f,0,0,0,,0,0,0,0,0,,5,1,1,1,2025-08-08T08:42:02
223,2025-08-11,4178,9,-49,N09W49,61,59.0,210.0,Dai,7.0,12.0,B,,f,0,0,0,,0,0,0,0,0,,50,10,1,1,2025-08-09T10:13:01
224,2025-08-11,4169,21,-21,N21W21,33,34.0,60.0,Hax,2.0,2.0,A,,f,0,0,0,,0,0,0,0,0,,10,1,1,1,2025-08-04T10:15:44
225,2025-08-11,4172,8,-18,N08W18,30,30.0,140.0,Eai,14.0,20.0,BG,,f,0,0,0,,1,0,0,0,0,0.0,65,25,5,5,2025-08-06T07:32:47
226,2025-08-11,4174,-9,-74,S09W74,86,85.0,20.0,Cao,2.0,2.0,B,,f,1,0,0,,0,0,0,0,0,0.0,20,5,1,1,2025-08-07T09:31:50
227,2025-08-11,4179,-11,52,S11E52,320,,50.0,Cso,1.0,2.0,B,,f,0,0,0,,1,0,0,0,0,0.0,15,1,1,1,2025-08-11T09:55:06
228,2025-08-11,4171,19,-1,N19W01,13,14.0,40.0,Hsx,1.0,1.0,A,,f,0,0,0,,0,0,0,0,0,,10,1,1,1,2025-08-06T07:32:07
229,2025-08-11,4168,5,-94,N05W94,106,104.0,70.0,Dao,2.0,3.0,B,,f,8,2,0,,4,0,0,0,0,0.0,75,35,10,10,2025-08-02T19:27:21
230,2025-08-11,4175,12,20,N12E20,352,351.0,20.0,Hax,2.0,2.0,A,,f,0,0,0,,0,0,0,0,0,,10,1,1,1,2025-08-08T08:40:58
231,2025-08-10,4173,-18,-84,S18W84,110,109.0,20.0,Dro,5.0,3.0,B,,f,0,0,0,,0,0,0,0,0,,15,0,0,0,2025-08-06T14:58:31
232,2025-08-10,4178,9,-33,N09W33,59,57.0,20.0,Dai,6.0,9.0,B,,f,0,0,0,,3,1,0,0,0,0.0,50,10,0,0,2025-08-09T10:13:01
233,2025-08-10,4176,26,17,N26E17,9,8.0,10.0,Axx,1.0,1.0,A,,f,0,0,0,,0,0,0,0,0,,5,0,0,0,2025-08-08T08:42:02
234,2025-08-10,4171,19,12,N19E12,14,13.0,40.0,Hsx,1.0,1.0,A,,f,0,0,0,,0,0,0,0,0,,10,0,0,0,2025-08-06T07:32:07
235,2025-08-10,4174,-8,-59,S08W59,85,84.0,30.0,Cro,2.0,4.0,B,,,0,0,0,,0,0,0,0,0,,15,0,0,0,2025-08-07T09:31:50
236,2025-08-10,4168,5,-78,N05W78,104,103.0,220.0,Eao,11.0,5.0,BG,,f,2,3,0,,3,0,0,0,0,0.0,75,35,10,10,2025-08-02T19:27:21
237,2025-08-10,4169,23,-8,N23W08,34,35.0,80.0,Hsx,2.0,2.0,A,,f,0,0,0,,0,0,0,0,0,,10,0,0,0,2025-08-04T10:15:44
238,2025-08-10,4177,5,36,N05E36,350,351.0,10.0,Hsx,1.0,2.0,A,,f,0,0,0,,0,0,0,0,0,,10,0,0,0,2025-08-08T08:42:45
239,2025-08-10,4165,12,-76,N12W76,102,103.0,120.0,Hsx,2.0,2.0,A,,f,0,0,0,,0,0,0,0,0,,10,0,0,0,2025-07-30T09:59:51
240,2025-08-10,4172,9,-4,N09W04,30,29.0,80.0,Eai,14.0,14.0,BG,,f,1,0,0,,6,0,0,0,0,0.0,65,25,5,5,2025-08-06T07:32:47
241,2025-08-10,4175,12,35,N12E35,351,352.0,30.0,Hsx,1.0,2.0,A,,f,0,0,0,,0,0,0,0,0,,10,0,0,0,2025-08-08T08:40:58
242,2025-08-09,4172,9,10,N09E10,29,27.0,80.0,Eai,12.0,10.0,B,,f,1,0,0,,0,0,0,0,0,0.0,65,25,5,0,2025-08-06T07:32:47
243,2025-08-09,4165,11,-64,N11W64,103,103.0,90.0,Hsx,2.0,3.0,A,,f,0,0,0,,0,0,0,0,0,,10,0,0,0,2025-07-30T09:59:51
244,2025-08-09,4171,19,26,N19E26,13,15.0,20.0,Hsx,1.0,1.0,A,,f,0,0,0,,0,0,0,0,0,,10,0,0,0,2025-08-06T07:32:07
245,2025-08-09,4173,-18,-70,S18W70,109,108.0,20.0,Dro,5.0,3.0,B,,f,0,0,0,,1,0,0,0,0,0.0,15,0,0,0,2025-08-06T14:58:31
246,2025-08-09,4168,5,-64,N05W64,103,103.0,320.0,Eko,11.0,11.0,BG,,f,9,2,0,,8,1,0,0,0,0.0,70,30,5,5,2025-08-02T19:27:21
247,2025-08-09,4161,-15,-100,S15W0*,139,138.0,60.0,Cso,2.0,1.0,B,,d,0,0,0,,0,0,0,0,0,,0,0,0,0,2025-07-27T18:49:57
248,2025-08-09,4169,12,4,N12E04,35,34.0,80.0,Hsx,2.0,2.0,A,,f,0,0,0,,0,0,0,0,0,,10,0,0,0,2025-08-04T10:15:44
249,2025-08-09,4170,-16,-96,S16W96,132,134.0,,,,,,,d,0,0,0,,0,0,0,0,0,,0,0,0,0,2025-08-05T20:55:30
250,2025-08-09,4177,6,48,N06E48,351,353.0,20.0,Hsx,1.0,1.0,A,,f,0,0,0,,0,0,0,0,0,,10,0,0,0,2025-08-08T08:42:45
251,2025-08-09,4178,9,-18,N09W18,57,,10.0,Dro,3.0,4.0,B,,f,0,0,0,,0,0,0,0,0,,10,0,0,0,2025-08-09T10:13:01
252,2025-08-09,4174,-8,-45,S08W45,84,83.0,,,,,,,f,0,0,0,,0,0,0,0,0,,1,0,0,0,2025-08-07T09:31:50
253,2025-08-09,4176,26,31,N26E31,8,7.0,10.0,Axx,1.0,1.0,A,,f,0,0,0,,0,0,0,0,0,,10,0,0,0,2025-08-08T08:42:02
254,2025-08-09,4175,12,47,N12E47,352,353.0,30.0,Hsx,1.0,1.0,A,,f,0,0,0,,0,0,0,0,0,,10,0,0,0,2025-08-08T08:40:58
255,2025-08-08,4169,23,18,N23E18,34,33.0,110.0,Cso,3.0,7.0,B,,f,0,0,0,,0,0,0,0,0,,15,1,1,1,2025-08-04T10:15:44
256,2025-08-08,4172,8,25,N08E25,27,27.0,140.0,Eai,11.0,14.0,BG,,f,0,0,0,,0,0,0,0,0,,65,25,5,1,2025-08-06T07:32:47
257,2025-08-08,4175,12,59,N12E59,353,,20.0,Hrx,1.0,2.0,A,,f,0,0,0,,0,0,0,0,0,,10,1,1,1,2025-08-08T08:40:58
258,2025-08-08,4176,26,45,N26E45,7,,20.0,Dro,3.0,4.0,B,,f,0,0,0,,0,0,0,0,0,,15,1,1,1,2025-08-08T08:42:02
259,2025-08-08,4161,-15,-86,S15W86,138,137.0,60.0,Cso,2.0,1.0,B,,f,1,0,0,,0,0,0,0,0,0.0,15,1,1,1,2025-07-27T18:49:57
260,2025-08-08,4174,-8,-31,S08W31,83,82.0,10.0,Hrx,1.0,1.0,A,,f,0,0,0,,0,0,0,0,0,,10,1,1,1,2025-08-07T09:31:50
261,2025-08-08,4177,5,59,N05E59,353,,20.0,Hrx,2.0,1.0,A,,f,0,0,0,,0,0,0,0,0,,10,1,1,1,2025-08-08T08:42:45
262,2025-08-08,1464,-18,-100,S18W0*,152,151.0,,,,,,,d,0,0,0,,0,0,0,0,0,,0,0,0,0,2012-04-19T19:31:33
263,2025-08-08,4170,-16,-82,S16W82,134,133.0,80.0,Dso,7.0,4.0,B,,f,1,0,0,,1,0,0,0,0,0.0,20,5,1,1,2025-08-05T20:55:30
264,2025-08-08,4173,-18,-56,S18W56,108,107.0,20.0,Dro,5.0,3.0,B,,f,0,0,0,,1,0,0,0,0,0.0,15,1,1,1,2025-08-06T14:58:31
265,2025-08-08,4165,11,-51,N11W51,103,102.0,150.0,Hsx,3.0,2.0,A,,f,0,0,0,,0,0,0,0,0,,10,1,1,1,2025-07-30T09:59:51
266,2025-08-08,4168,5,-51,N05W51,103,102.0,350.0,Eki,11.0,17.0,BGD,,f,5,2,0,,9,1,0,0,0,0.0,75,35,10,10,2025-08-02T19:27:21
267,2025-08-08,4171,18,37,N18E37,15,14.0,30.0,Hsx,2.0,1.0,A,,f,0,0,0,,0,0,0,0,0,,10,1,1,1,2025-08-06T07:32:07
268,2025-08-08,4164,-21,-103,S21W0*,155,154.0,,,,,,,d,0,0,0,,1,0,0,0,0,0.0,0,0,0,0,2025-07-29T19:20:26
269,2025-08-07,4164,-21,-89,S21W89,154,153.0,,,,,,,f,0,0,0,,0,0,0,0,0,0.0,0,0,0,0,2025-07-29T19:20:26
270,2025-08-07,4169,22,32,N22E32,33,32.0,70.0,Cao,3.0,4.0,B,,f,1,0,0,,2,0,0,0,0,0.0,20,5,1,1,2025-08-04T10:15:44
271,2025-08-07,4171,19,51,N19E51,14,13.0,40.0,Hsx,2.0,1.0,A,,f,0,0,0,,0,0,0,0,0,,10,1,1,1,2025-08-06T07:32:07
272,2025-08-07,4172,9,38,N09E38,27,26.0,130.0,Dai,9.0,12.0,BG,,f,1,0,0,,7,0,0,0,0,0.0,55,15,1,1,2025-08-06T07:32:47
273,2025-08-07,4174,-7,-17,S07W17,82,,10.0,Bxo,2.0,2.0,B,,f,0,0,0,,0,0,0,0,0,,10,1,1,1,2025-08-07T09:31:50
274,2025-08-07,4170,-17,-68,S17W68,133,132.0,140.0,Dso,7.0,4.0,B,,f,0,0,0,,2,0,0,0,0,0.0,20,5,1,1,2025-08-05T20:55:30
275,2025-08-07,4173,-18,-42,S18W42,107,103.0,10.0,Bxo,3.0,4.0,B,,f,0,0,0,,0,0,0,0,0,,10,1,1,1,2025-08-06T14:58:31
276,2025-08-07,4168,5,-37,N05W37,102,101.0,260.0,Eki,11.0,23.0,BGD,,f,3,2,0,,10,3,0,0,0,0.0,80,35,5,5,2025-08-02T19:27:21
277,2025-08-07,1464,-18,-86,S18W86,151,150.0,,,,,,,i,0,0,0,,0,0,0,0,0,,0,0,0,0,2012-04-19T19:31:33
278,2025-08-07,4165,12,-37,N12W37,102,101.0,100.0,Cao,4.0,8.0,B,,f,0,0,0,,0,0,0,0,0,,20,5,1,1,2025-07-30T09:59:51
279,2025-08-07,4167,11,-106,N11W0*,171,170.0,250.0,Ehi,12.0,11.0,BG,,d,0,0,0,,0,0,0,0,0,,0,0,0,0,2025-07-31T16:55:42
280,2025-08-07,4161,-13,-72,S13W72,137,136.0,20.0,Cso,3.0,2.0,B,,f,0,0,0,,0,0,0,0,0,,15,1,1,1,2025-07-27T18:49:57
281,2025-08-06,4161,-14,-58,S14W58,136,136.0,30.0,Cso,3.0,4.0,B,,f,0,0,0,,0,0,0,0,0,,15,1,1,1,2025-07-27T18:49:57
282,2025-08-06,4168,5,-23,N05W23,101,101.0,250.0,Ekc,11.0,22.0,BGD,,f,9,1,0,,25,1,0,0,0,0.0,85,35,5,5,2025-08-02T19:27:21
283,2025-08-06,4169,23,46,N23E46,32,37.0,80.0,Cao,2.0,3.0,B,,f,1,0,0,,2,0,0,0,0,0.0,20,5,1,1,2025-08-04T10:15:44
284,2025-08-06,4170,-17,-54,S17W54,132,129.0,90.0,Dao,7.0,8.0,BG,,f,1,0,0,,2,0,0,0,0,0.0,35,10,1,1,2025-08-05T20:55:30
285,2025-08-06,4173,-16,-25,S16W25,103,,10.0,Bxo,3.0,2.0,B,,f,0,0,0,,0,0,0,0,0,,10,1,1,1,2025-08-06T14:58:31
286,2025-08-06,4165,12,-23,N12W23,101,101.0,230.0,Dao,3.0,6.0,B,,f,0,0,0,,0,0,0,0,0,,25,5,1,1,2025-07-30T09:59:51
287,2025-08-06,4167,11,-92,N11W92,170,169.0,250.0,Ehi,12.0,11.0,BG,,f,1,0,0,,1,0,0,0,0,0.0,65,15,1,1,2025-07-31T16:55:42
288,2025-08-06,4172,8,52,N08E52,26,,20.0,Cro,3.0,7.0,BG,,f,3,0,0,,14,0,0,0,0,0.0,15,1,1,1,2025-08-06T07:32:47
289,2025-08-06,4171,19,65,N19E65,13,,50.0,Hsx,1.0,1.0,A,,f,0,0,0,,0,0,0,0,0,,10,1,1,1,2025-08-06T07:32:07
290,2025-08-06,4164,-21,-75,S21W75,153,152.0,,,,,,,f,0,0,0,,0,0,0,0,0,,0,0,0,0,2025-07-29T19:20:26
291,2025-08-06,1464,-18,-72,S18W72,150,150.0,,,,,,,i,0,0,0,,0,0,0,0,0,,0,0,0,0,2012-04-19T19:31:33
292,2025-08-05,1464,-18,-58,S18W58,150,149.0,,,,,,,i,0,0,0,,0,0,0,0,0,,0,0,0,0,2012-04-19T19:31:33
293,2025-08-05,4165,12,-9,N12W09,101,100.0,220.0,Dso,4.0,8.0,B,,f,0,0,0,,0,0,0,0,0,0.0,20,5,1,1,2025-07-30T09:59:51
294,2025-08-05,4160,-8,-93,S08W93,185,184.0,,,,,,,d,0,0,0,,0,0,0,0,0,,0,0,0,0,2025-07-26T15:55:31
295,2025-08-05,4161,-14,-44,S14W44,136,136.0,40.0,Cso,7.0,6.0,B,,f,0,0,0,,0,0,0,0,0,,15,1,1,1,2025-07-27T18:49:57
296,2025-08-05,4168,6,-9,N06W09,101,100.0,170.0,Dac,9.0,21.0,BGD,,f,6,2,0,,6,3,0,0,0,0.0,70,25,5,1,2025-08-02T19:27:21
297,2025-08-05,4164,-21,-60,S21W60,152,151.0,,,,,,,f,0,0,0,,0,0,0,0,0,,0,0,0,0,2025-07-29T19:20:26
298,2025-08-05,4169,23,55,N23E55,37,37.0,70.0,Cao,3.0,4.0,B,,f,0,0,0,,1,0,0,0,0,0.0,20,1,1,1,2025-08-04T10:15:44
299,2025-08-05,4167,11,-77,N11W77,169,168.0,250.0,Ehi,12.0,11.0,BG,,f,1,0,0,,7,0,0,0,0,0.0,65,20,5,5,2025-07-31T16:55:42
300,2025-08-05,4170,-15,-38,S15W38,129,,70.0,Dao,4.0,10.0,BG,,f,0,0,0,,0,0,0,0,0,,0,0,0,0,2025-08-05T20:55:30
301,2025-08-04,4161,-13,-32,S13W32,136,133.0,50.0,Cso,5.0,3.0,B,,f,0,0,0,,0,0,0,0,0,,15,1,1,1,2025-07-27T18:49:57
302,2025-08-04,4164,-21,-46,S21W46,151,150.0,,,,,,,f,0,0,0,,0,0,0,0,0,,0,0,0,0,2025-07-29T19:20:26
303,2025-08-04,1464,-18,-44,S18W44,149,148.0,,,,,,,i,0,0,0,,0,0,0,0,0,,0,0,0,0,2012-04-19T19:31:33
304,2025-08-04,4165,12,4,N12E04,100,102.0,110.0,Hax,3.0,2.0,A,,f,0,0,0,,0,0,0,0,0,,15,5,1,1,2025-07-30T09:59:51
305,2025-08-04,4168,5,3,N05E03,100,103.0,90.0,Eac,11.0,13.0,BGD,,f,4,2,0,,6,1,0,0,0,0.0,80,25,5,5,2025-08-02T19:27:21
306,2025-08-04,4154,-15,-103,S15W0*,208,207.0,60.0,Hsx,1.0,1.0,A,,d,0,0,0,,0,0,0,0,0,,0,0,0,0,2025-07-23T11:16:54
307,2025-08-04,4166,25,-94,N25W94,199,198.0,,,,,,,d,0,0,0,,0,0,0,0,0,,0,0,0,0,2025-07-30T19:15:44
308,2025-08-04,4167,11,-64,N11W64,168,170.0,280.0,Ehi,11.0,14.0,BG,,f,1,0,0,,1,0,0,0,0,0.0,65,15,5,1,2025-07-31T16:55:42
309,2025-08-04,4155,-8,-94,S08W94,199,198.0,,,,,,,d,0,0,0,,0,0,0,0,0,,0,0,0,0,2025-07-24T19:16:08
310,2025-08-04,4157,-21,-93,S21W93,198,197.0,,,,,,,d,0,0,0,,0,0,0,0,0,,0,0,0,0,2025-07-24T19:20:41
311,2025-08-04,4160,-8,-79,S08W79,184,183.0,,,,,,,f,0,0,0,,0,0,0,0,0,,0,0,0,0,2025-07-26T15:55:31
312,2025-08-04,4156,12,-94,N12W94,199,198.0,,,,,,,d,0,0,0,,0,0,0,0,0,,0,0,0,0,2025-07-24T19:17:52
313,2025-08-04,4169,22,66,N22E66,37,,80.0,Cao,6.0,4.0,B,,f,0,0,0,,0,0,0,0,0,,20,5,1,1,2025-08-04T10:15:44
314,2025-08-03,4156,12,-80,N12W80,198,197.0,,,,,,,f,0,0,0,,0,0,0,0,0,,0,0,0,0,2025-07-24T19:17:52
315,2025-08-03,4164,-21,-32,S21W32,150,149.0,,,,,,,f,0,0,0,,0,0,0,0,0,,0,0,0,0,2025-07-29T19:20:26
316,2025-08-03,1464,-18,-30,S18W30,148,147.0,,,,,,,i,0,0,0,,0,0,0,0,0,,0,0,0,0,2012-04-19T19:31:33
317,2025-08-03,4154,-15,-89,S15W89,207,210.0,60.0,Hsx,1.0,1.0,A,,f,0,0,0,,0,0,0,0,0,0.0,10,1,1,1,2025-07-23T11:16:54
318,2025-08-03,4157,-21,-79,S21W79,197,198.0,10.0,Hrx,1.0,1.0,A,,f,1,0,0,,0,0,0,0,0,0.0,5,1,1,1,2025-07-24T19:20:41
319,2025-08-03,4165,12,16,N12E16,102,100.0,170.0,Cso,2.0,4.0,B,,f,0,0,0,,0,0,0,0,0,,15,1,1,1,2025-07-30T09:59:51
320,2025-08-03,4153,-27,-101,S27W0*,219,220.0,,,,,,,d,4,0,0,,0,0,0,0,0,0.0,0,0,0,0,2025-07-22T15:50:41
321,2025-08-03,4161,-12,-15,S12W15,133,131.0,70.0,Cso,10.0,4.0,B,,f,0,0,0,,0,0,0,0,0,,15,1,1,1,2025-07-27T18:49:57
322,2025-08-03,4155,-8,-80,S08W80,198,197.0,10.0,Bxo,5.0,4.0,B,,f,1,0,0,,0,0,0,0,0,0.0,10,1,1,1,2025-07-24T19:16:08
323,2025-08-03,4160,-8,-65,S08W65,183,182.0,,,,,,,f,0,0,0,,0,0,0,0,0,,0,0,0,0,2025-07-26T15:55:31
324,2025-08-03,4163,24,-93,N24W93,211,210.0,,,,,,,d,0,0,0,,0,0,0,0,0,,0,0,0,0,2025-07-28T16:27:24
325,2025-08-03,4167,10,-52,N10W52,170,169.0,430.0,Dki,8.0,19.0,BGD,,f,3,0,0,,2,0,0,0,0,0.0,60,15,5,1,2025-07-31T16:55:42
326,2025-08-03,4162,17,-97,N17W97,215,214.0,,,,,,,d,0,0,0,,0,0,0,0,0,,0,0,0,0,2025-07-28T16:26:36
327,2025-08-03,4168,5,15,N05E15,103,102.0,60.0,Dai,7.0,15.0,BGD,,f,7,1,0,,2,1,0,0,0,0.0,50,10,1,1,2025-08-02T19:27:21
328,2025-08-03,4166,25,-80,N25W80,198,197.0,,,,,,,f,0,0,0,,0,0,0,0,0,,10,0,0,0,2025-07-30T19:15:44
329,2025-08-02,4164,-21,-18,S21W18,149,153.0,,,,,,,f,0,0,0,,0,0,0,0,0,,0,0,0,0,2025-07-29T19:20:26
330,2025-08-02,4167,12,-38,N12W38,169,173.0,270.0,Dai,8.0,27.0,BG,,f,7,0,0,,12,0,0,0,0,0.0,50,10,1,1,2025-07-31T16:55:42
331,2025-08-02,4160,-8,-51,S08W51,182,186.0,,,,,,,f,0,0,0,,0,0,0,0,0,,0,0,0,0,2025-07-26T15:55:31
332,2025-08-02,4162,17,-83,N17W83,214,218.0,,,,,,,f,0,0,0,,0,0,0,0,0,,0,0,0,0,2025-07-28T16:26:36
333,2025-08-02,1464,-18,-16,S18W16,147,147.0,,,,,,,i,0,0,0,,0,0,0,0,0,,0,0,0,0,2012-04-19T19:31:33
334,2025-08-02,4153,-27,-87,S27W87,220,222.0,,,,,,,i,2,0,0,,0,0,0,0,0,0.0,25,5,0,0,2025-07-22T15:50:41
335,2025-08-02,4155,-8,-66,S08W66,197,200.0,10.0,Cro,5.0,4.0,B,,f,0,0,0,,0,0,0,0,0,,15,1,1,1,2025-07-24T19:16:08
336,2025-08-02,4154,-13,-79,S13W79,210,213.0,20.0,Hsx,1.0,1.0,A,,f,0,0,0,,0,0,0,0,0,,10,1,1,1,2025-07-23T11:16:54
337,2025-08-02,4157,-20,-67,S20W67,198,201.0,10.0,Hrx,1.0,1.0,A,,f,0,0,0,,0,0,0,0,0,,5,1,1,1,2025-07-24T19:20:41
338,2025-08-02,4165,12,31,N12E31,100,104.0,210.0,Hsx,2.0,4.0,A,,f,0,0,0,,0,0,0,0,0,,10,1,1,1,2025-07-30T09:59:51
339,2025-08-02,4156,12,-66,N12W66,197,201.0,,,,,,,f,0,0,0,,0,0,0,0,0,,0,0,0,0,2025-07-24T19:17:52
340,2025-08-02,4161,-13,0,S13W00,131,135.0,80.0,Eso,11.0,4.0,B,,f,0,0,0,,0,0,0,0,0,,30,5,1,1,2025-07-27T18:49:57
341,2025-08-02,4163,24,-79,N24W79,210,214.0,,,,,,,f,0,0,0,,0,0,0,0,0,,0,0,0,0,2025-07-28T16:27:24
342,2025-08-02,4166,25,-66,N25W66,197,201.0,20.0,Dao,4.0,4.0,B,,f,0,0,0,,0,0,0,0,0,,25,5,1,1,2025-07-30T19:15:44
343,2025-08-02,4168,6,29,N06E29,102,,60.0,Cai,5.0,7.0,BG,,f,1,0,0,,2,0,0,0,0,0.0,45,5,1,1,2025-08-02T19:27:21
344,2025-08-01,4153,-27,-73,S27W73,222,219.0,70.0,Cao,8.0,6.0,B,,f,5,0,0,,0,0,0,0,0,0.0,20,5,1,1,2025-07-22T15:50:41
345,2025-08-01,4163,24,-65,N24W65,214,209.0,,,,,,,f,0,0,0,,0,0,0,0,0,,0,0,0,0,2025-07-28T16:27:24
346,2025-08-01,4154,-13,-64,S13W64,213,208.0,30.0,Hsx,2.0,1.0,A,,f,0,0,0,,0,0,0,0,0,,10,1,1,1,2025-07-23T11:16:54
347,2025-08-01,4164,-21,-4,S21W04,153,148.0,,,,,,,f,0,0,0,,0,0,0,0,0,,0,0,0,0,2025-07-29T19:20:26
348,2025-08-01,4167,10,-24,N10W24,173,167.0,70.0,Dai,7.0,15.0,BG,,f,5,0,0,,2,0,0,0,0,0.0,50,10,1,1,2025-07-31T16:55:42
349,2025-08-01,4160,-8,-37,S08W37,186,181.0,,,,,,,f,0,0,0,,0,0,0,0,0,,0,0,0,0,2025-07-26T15:55:31
350,2025-08-01,4161,-13,14,S13E14,135,133.0,60.0,Eso,13.0,6.0,B,,f,0,0,0,,0,0,0,0,0,,30,5,1,1,2025-07-27T18:49:57
351,2025-08-01,4156,12,-52,N12W52,201,196.0,,,,,,,f,0,0,0,,0,0,0,0,0,,0,0,0,0,2025-07-24T19:17:52
352,2025-08-01,4157,-19,-52,S19W52,201,200.0,30.0,Hax,1.0,1.0,A,,f,1,0,0,,0,0,0,0,0,0.0,10,1,1,1,2025-07-24T19:20:41
353,2025-08-01,4162,17,-69,N17W69,218,213.0,,,,,,,f,0,0,0,,0,0,0,0,0,,0,0,0,0,2025-07-28T16:26:36
354,2025-08-01,4149,16,-109,N16W0*,254,253.0,70.0,Hsx,1.0,1.0,A,,d,1,0,0,,0,0,0,0,0,0.0,0,0,0,0,2025-07-19T07:12:56
355,2025-08-01,4159,-8,-95,S08W95,240,239.0,,,,,,,d,0,0,0,,0,0,0,0,0,,0,0,0,0,2025-07-26T09:49:52
356,2025-08-01,4165,12,45,N12E45,104,100.0,100.0,Cso,7.0,4.0,B,,f,0,0,0,,0,0,0,0,0,,15,1,1,1,2025-07-30T09:59:51
357,2025-08-01,1464,-18,-2,S18W02,147,145.0,,,,,,,i,0,0,0,,0,0,0,0,0,,0,0,0,0,2012-04-19T19:31:33
358,2025-08-01,4152,9,-94,N09W94,239,238.0,,,,,,,d,0,0,0,,0,0,0,0,0,,0,0,0,0,2025-07-21T18:11:04
359,2025-08-01,4155,-9,-51,S09W51,200,196.0,10.0,Bxo,8.0,9.0,B,,f,2,0,0,,1,0,0,0,0,0.0,10,1,1,1,2025-07-24T19:16:08
360,2025-08-01,4166,24,-52,N24W52,201,198.0,50.0,Dao,6.0,7.0,B,,f,0,0,0,,0,0,0,0,0,,25,5,1,1,2025-07-30T19:15:44
361,2025-07-31,1464,-18,12,S18E12,145,,,,,,,,i,0,0,0,,0,0,0,0,0,,0,0,0,0,2012-04-19T19:31:33
362,2025-07-31,4149,16,-95,N16W95,253,252.0,70.0,Hsx,1.0,1.0,A,,f,0,0,0,,0,0,0,0,0,,10,1,1,1,2025-07-19T07:12:56
363,2025-07-31,4159,-8,-81,S08W81,239,238.0,,,,,,,f,0,0,0,,0,0,0,0,0,,0,0,0,0,2025-07-26T09:49:52
364,2025-07-31,4161,-12,25,S12E25,133,132.0,110.0,Eso,11.0,4.0,B,,f,0,0,0,,0,0,0,0,0,,35,5,1,1,2025-07-27T18:49:57
365,2025-07-31,4167,10,-9,N10W09,167,,40.0,Cai,5.0,10.0,B,,f,1,0,0,,2,0,0,0,0,0.0,60,15,5,1,2025-07-31T16:55:42
366,2025-07-31,4152,9,-80,N09W80,238,237.0,,,,,,,f,0,0,0,,0,0,0,0,0,,0,0,0,0,2025-07-21T18:11:04
367,2025-07-31,4157,-21,-42,S21W42,200,199.0,40.0,Hax,2.0,1.0,A,,f,0,0,0,,0,0,0,0,0,,15,5,1,1,2025-07-24T19:20:41
368,2025-07-31,4160,-8,-23,S08W23,181,180.0,,,,,,,f,0,0,0,,0,0,0,0,0,,0,0,0,0,2025-07-26T15:55:31
369,2025-07-31,4163,24,-51,N24W51,209,208.0,,,,,,,f,0,0,0,,0,0,0,0,0,,0,0,0,0,2025-07-28T16:27:24
370,2025-07-31,4153,-29,-61,S29W61,219,218.0,120.0,Eao,11.0,7.0,B,,f,3,0,0,,1,0,0,0,0,0.0,45,10,1,1,2025-07-22T15:50:41
371,2025-07-31,4154,-15,-50,S15W50,208,207.0,40.0,Hsx,3.0,3.0,A,,f,1,0,0,,0,0,0,0,0,0.0,10,1,1,1,2025-07-23T11:16:54
372,2025-07-31,4156,12,-38,N12W38,196,195.0,,,,,,,f,0,0,0,,0,0,0,0,0,,0,0,0,0,2025-07-24T19:17:52
373,2025-07-31,4162,17,-55,N17W55,213,212.0,,,,,,,f,0,0,0,,0,0,0,0,0,,0,0,0,0,2025-07-28T16:26:36
374,2025-07-31,4164,-21,10,S21E10,148,147.0,,,,,,,f,0,0,0,,0,0,0,0,0,,0,0,0,0,2025-07-29T19:20:26
375,2025-07-31,4150,-15,-97,S15W97,255,254.0,30.0,Hsx,1.0,1.0,A,,d,0,0,0,,0,0,0,0,0,,0,0,0,0,2025-07-19T07:18:29
376,2025-07-31,4155,-9,-38,S09W38,196,195.0,30.0,Cri,10.0,16.0,B,,f,1,0,0,,1,0,0,0,0,0.0,35,5,1,1,2025-07-24T19:16:08
377,2025-07-31,4165,12,58,N12E58,100,99.0,80.0,Cso,6.0,2.0,B,,f,0,0,0,,0,0,0,0,0,,15,1,1,1,2025-07-30T09:59:51
378,2025-07-31,4166,24,-40,N24W40,198,197.0,30.0,Dso,5.0,4.0,B,,f,0,0,0,,0,0,0,0,0,,25,5,1,1,2025-07-30T19:15:44
379,2025-07-30,4154,-15,-36,S15W36,207,208.0,40.0,Hsx,3.0,3.0,A,,f,0,0,0,,0,0,0,0,0,,10,1,1,1,2025-07-23T11:16:54
380,2025-07-30,4155,-9,-24,S09W24,195,194.0,30.0,Cri,10.0,16.0,B,,f,6,0,0,,6,0,0,0,0,0.0,35,5,1,1,2025-07-24T19:16:08
381,2025-07-30,4163,24,-37,N24W37,208,207.0,,,,,,,f,0,0,0,,0,0,0,0,0,,0,0,0,0,2025-07-28T16:27:24
382,2025-07-30,4150,-15,-83,S15W83,254,253.0,30.0,Hsx,1.0,1.0,A,,f,0,0,0,,0,0,0,0,0,,10,1,1,1,2025-07-19T07:18:29
383,2025-07-30,4153,-29,-47,S29W47,218,218.0,120.0,Eao,11.0,7.0,B,,f,0,0,0,,0,0,0,0,0,,35,10,1,1,2025-07-22T15:50:41
384,2025-07-30,4156,12,-24,N12W24,195,194.0,,,,,,,f,0,0,0,,0,0,0,0,0,,0,0,0,0,2025-07-24T19:17:52
385,2025-07-30,4149,16,-81,N16W81,252,248.0,70.0,Hsx,1.0,1.0,A,,f,0,0,0,,0,0,0,0,0,,15,1,1,1,2025-07-19T07:12:56
386,2025-07-30,4152,9,-66,N09W66,237,236.0,,,,,,,f,0,0,0,,0,0,0,0,0,,0,0,0,0,2025-07-21T18:11:04
387,2025-07-30,4157,-21,-28,S21W28,199,198.0,40.0,Hax,2.0,1.0,A,,f,1,0,0,,0,0,0,0,0,0.0,10,1,1,1,2025-07-24T19:20:41
388,2025-07-30,4165,12,72,N12E72,99,,80.0,Cao,6.0,2.0,B,,f,1,0,0,,0,0,0,0,0,0.0,20,5,1,1,2025-07-30T09:59:51
389,2025-07-30,4159,-8,-67,S08W67,238,237.0,,,,,,,f,0,0,0,,0,0,0,0,0,,0,0,0,0,2025-07-26T09:49:52
390,2025-07-30,4161,-12,39,S12E39,132,130.0,110.0,Eso,11.0,6.0,B,,f,1,0,0,,1,0,0,0,0,0.0,30,5,1,1,2025-07-27T18:49:57
391,2025-07-30,4164,-21,24,S21E24,147,146.0,,,,,,,f,0,0,0,,0,0,0,0,0,,1,1,1,1,2025-07-29T19:20:26
392,2025-07-30,4160,-8,-9,S08W09,180,179.0,,,,,,,f,0,0,0,,0,0,0,0,0,,0,0,0,0,2025-07-26T15:55:31
393,2025-07-30,4162,17,-41,N17W41,212,211.0,,,,,,,f,0,0,0,,0,0,0,0,0,,0,0,0,0,2025-07-28T16:26:36
394,2025-07-30,4166,24,-26,N24W26,197,,10.0,Bxo,3.0,4.0,B,,f,0,0,0,,0,0,0,0,0,,10,1,1,1,2025-07-30T19:15:44
395,2025-07-29,4150,-14,-69,S14W69,253,253.0,30.0,Hsx,2.0,1.0,A,,f,0,0,0,,0,0,0,0,0,,10,1,1,1,2025-07-19T07:18:29
396,2025-07-29,4153,-30,-34,S30W34,218,218.0,80.0,Eso,12.0,7.0,B,,f,0,0,0,,0,0,0,0,0,,30,5,1,1,2025-07-22T15:50:41
397,2025-07-29,4156,12,-10,N12W10,194,193.0,,,,,,,f,0,0,0,,0,0,0,0,0,,0,0,0,0,2025-07-24T19:17:52
398,2025-07-29,4161,-13,54,S13E54,130,130.0,40.0,Eso,12.0,4.0,B,,f,0,0,0,,0,0,0,0,0,,30,5,1,1,2025-07-27T18:49:57
399,2025-07-29,4163,24,-23,N24W23,207,206.0,,,,,,,f,0,0,0,,0,0,0,0,0,,0,0,0,0,2025-07-28T16:27:24
400,2025-07-29,4152,9,-52,N09W52,236,235.0,,,,,,,f,0,0,0,,0,0,0,0,0,,0,0,0,0,2025-07-21T18:11:04
401,2025-07-29,4157,-21,-14,S21W14,198,197.0,30.0,Hsx,2.0,1.0,A,,f,0,0,0,,0,0,0,0,0,,10,5,1,1,2025-07-24T19:20:41
402,2025-07-29,4155,-9,-10,S09W10,194,193.0,30.0,Dri,10.0,15.0,B,,f,2,0,0,,2,0,0,0,0,0.0,40,5,1,1,2025-07-24T19:16:08
403,2025-07-29,4164,-21,38,S21E38,146,,10.0,Axx,1.0,1.0,A,,f,0,0,0,,0,0,0,0,0,,5,1,1,1,2025-07-29T19:20:26
404,2025-07-29,4154,-15,-24,S15W24,208,207.0,30.0,Hax,2.0,1.0,A,,f,0,0,0,,0,0,0,0,0,,10,1,1,1,2025-07-23T11:16:54
405,2025-07-29,4159,-8,-53,S08W53,237,236.0,,,,,,,f,0,0,0,,1,0,0,0,0,0.0,0,0,0,0,2025-07-26T09:49:52
406,2025-07-29,4160,-8,5,S08E05,179,178.0,,,,,,,f,0,0,0,,0,0,0,0,0,,0,0,0,0,2025-07-26T15:55:31
407,2025-07-29,4162,17,-27,N17W27,211,210.0,,,,,,,f,0,0,0,,0,0,0,0,0,,0,0,0,0,2025-07-28T16:26:36
408,2025-07-29,4149,16,-64,N16W64,248,248.0,80.0,Cso,10.0,2.0,B,,f,0,0,0,,0,0,0,0,0,,15,1,1,1,2025-07-19T07:12:56
